{
  "environment_kind": "simulator_3d",
  "task_kind": "trail",
  "seed": 654,
  "generator_name": "simulator_3d_family_generator",
  "generator_version": "v1",
  "effective_params": {
    "seed": 654,
    "preview_size": 10,
    "tree_density": 0.25,
    "terrain_hilliness": 0.2,
    "task_params": {
      "seed": 654,
      "preview_size": 10,
      "tree_density": 0.25,
      "terrain_hilliness": 0.2,
      "max_steps": 8
    }
  },
  "preview_payload": {
    "terrain_map": [
      [
        0.06244422122836113,
        0.06467539072036743,
        0.19308346509933472,
        0.1982754021883011,
        0.04014120250940323,
        0.13928177952766418,
        0.09662133455276489,
        0.13277187943458557,
        0.02547764778137207,
        0.07426368445158005
      ],
      [
        0.07809966802597046,
        0.10949957370758057,
        0.12296658754348755,
        0.05703986808657646,
        0.020431770011782646,
        0.09868966788053513,
        0.005321073811501265,
        0.17861048877239227,
        0.10528462380170822,
        0.1360815018415451
      ],
      [
        0.1014743372797966,
        0.16723687946796417,
        0.02972346544265747,
        0.06733670085668564,
        0.08617710322141647,
        0.040029872208833694,
        0.1543956845998764,
        0.06323684751987457,
        0.1379036158323288,
        0.057093966752290726
      ],
      [
        0.06697080284357071,
        0.17503519356250763,
        0.10831797122955322,
        0.14321725070476532,
        0.020962847396731377,
        0.13239078223705292,
        0.09671250730752945,
        0.08387172222137451,
        0.01785203255712986,
        0.018888413906097412
      ],
      [
        0.09106981009244919,
        0.08574148267507553,
        0.04293790087103844,
        0.009352529421448708,
        0.009750688448548317,
        0.0019575001206249,
        0.04480275139212608,
        0.1811876744031906,
        0.0400792732834816,
        0.08070176094770432
      ],
      [
        0.13523894548416138,
        0.1213628426194191,
        0.11680871248245239,
        0.018963027745485306,
        0.12122129648923874,
        0.10159168392419815,
        0.05776466056704521,
        0.19016936421394348,
        0.045540131628513336,
        0.11993825435638428
      ],
      [
        0.12392338365316391,
        0.10349934548139572,
        0.12110254913568497,
        0.020516013726592064,
        0.013466346077620983,
        0.11605415493249893,
        0.038460422307252884,
        0.0546446330845356,
        0.012258983217179775,
        0.19282867014408112
      ],
      [
        0.1316407173871994,
        0.027383863925933838,
        0.06346528977155685,
        0.12944471836090088,
        0.06350342184305191,
        0.16555984318256378,
        0.15421241521835327,
        0.153713658452034,
        0.017390286549925804,
        0.08571244776248932
      ],
      [
        0.12838779389858246,
        0.1583700180053711,
        0.04400447756052017,
        0.19942359626293182,
        0.09654543548822403,
        0.12748001515865326,
        0.07783573865890503,
        0.008542859926819801,
        0.009990322403609753,
        0.17265240848064423
      ],
      [
        0.0341322086751461,
        0.10314913094043732,
        0.1744442582130432,
        0.1404034048318863,
        0.17399267852306366,
        0.02846628427505493,
        0.02681976556777954,
        0.044335272163152695,
        0.15292681753635406,
        0.16757141053676605
      ]
    ],
    "agent_pos": [
      [
        0.0,
        8.0
      ]
    ],
    "goal_pos": [
      [
        8.0,
        5.0
      ]
    ],
    "landmark_pos": []
  },
  "runtime_context": {
    "simulator_3d": {
      "world_descriptor": {
        "seed": 654,
        "preview_size": 10,
        "tree_density": 0.25,
        "terrain_hilliness": 0.2,
        "task_params": {
          "seed": 654,
          "preview_size": 10,
          "tree_density": 0.25,
          "terrain_hilliness": 0.2,
          "max_steps": 8
        }
      }
    },
    "trail": {
      "agent_pos": [
        0,
        8
      ],
      "goal_pos": [
        8,
        5
      ]
    },
    "seed": 654
  },
  "validation_messages": [],
  "validation_passed": true,
  "validation_report": {
    "passed": true,
    "issues": []
  },
  "request": {
    "environment_kind": "simulator_3d",
    "task_kind": "trail",
    "seed": 654,
    "terrain_params": {
      "preview_size": 10
    },
    "forest_params": {
      "tree_density": 0.25,
      "terrain_hilliness": 0.2
    },
    "task_params": {
      "seed": 654,
      "preview_size": 10,
      "tree_density": 0.25,
      "terrain_hilliness": 0.2,
      "max_steps": 8
    },
    "visualization_options": {},
    "metadata": {}
  },
  "runtime_config": {
    "world_descriptor": {
      "seed": 654,
      "preview_size": 10,
      "tree_density": 0.25,
      "terrain_hilliness": 0.2,
      "task_params": {
        "seed": 654,
        "preview_size": 10,
        "tree_density": 0.25,
        "terrain_hilliness": 0.2,
        "max_steps": 8
      }
    }
  },
  "layers": [
    {
      "name": "terrain_preview",
      "layer_type": "terrain_preview",
      "file_uri": "/app/data/scenarios/generated/scenario_1/version_6_run_11/terrain_preview.npy",
      "file_format": "npy",
      "description": "Low-resolution 3D terrain preview"
    }
  ],
  "preview_uri": "/app/data/scenarios/generated/scenario_1/version_6_run_11/preview.json"
}