{
  "environment_kind": "simulator_3d",
  "task_kind": "trail",
  "seed": 123,
  "generator_name": "simulator_3d_family_generator",
  "generator_version": "v1",
  "effective_params": {
    "seed": 123,
    "preview_size": 10,
    "tree_density": 0.25,
    "terrain_hilliness": 0.2,
    "task_params": {
      "seed": 123,
      "preview_size": 10,
      "tree_density": 0.25,
      "terrain_hilliness": 0.2,
      "max_steps": 8
    }
  },
  "preview_payload": {
    "terrain_map": [
      [
        0.003088104771450162,
        0.13647036254405975,
        0.11858955770730972,
        0.01076419372111559,
        0.18181736767292023,
        0.044071972370147705,
        0.05101790651679039,
        0.036874353885650635,
        0.06672324985265732,
        0.03518117591738701
      ],
      [
        0.06956050544977188,
        0.1624188870191574,
        0.09027842432260513,
        0.18466900289058685,
        0.0898931547999382,
        0.05531487613916397,
        0.15775233507156372,
        0.16395090520381927,
        0.17238160967826843,
        0.1779785305261612
      ],
      [
        0.005014372058212757,
        0.10259409248828888,
        0.05363353714346886,
        0.04899292066693306,
        0.048244621604681015,
        0.16484831273555756,
        0.1584162414073944,
        0.04275259003043175,
        0.08192036300897598,
        0.1482934057712555
      ],
      [
        0.029645657166838646,
        0.12598803639411926,
        0.08772194385528564,
        0.18548144400119781,
        0.14783374965190887,
        0.0463816300034523,
        0.16700993478298187,
        0.15982501208782196,
        0.04260845109820366,
        0.10363300144672394
      ],
      [
        0.1588302105665207,
        0.046311117708683014,
        0.04896066337823868,
        0.03318079933524132,
        0.0015198469627648592,
        0.0995577946305275,
        0.003230524016544223,
        0.1165449246764183,
        0.08315596729516983,
        0.036867596209049225
      ],
      [
        0.07236801832914352,
        0.002978980541229248,
        0.028682399541139603,
        0.09422663599252701,
        0.015460825525224209,
        0.14564865827560425,
        0.051377128809690475,
        0.18372009694576263,
        0.03393891081213951,
        0.1251067966222763
      ],
      [
        0.10306795686483383,
        0.18342451751232147,
        0.12355824559926987,
        0.1729380488395691,
        0.09283428639173508,
        0.043628573417663574,
        0.03785177692770958,
        0.17322547733783722,
        0.040641676634550095,
        0.1461503952741623
      ],
      [
        0.10548820346593857,
        0.05557304620742798,
        0.08212337642908096,
        0.15940870344638824,
        0.09059031307697296,
        0.1730443388223648,
        0.18918800354003906,
        0.05988757684826851,
        0.1051618680357933,
        0.10540840774774551
      ],
      [
        0.10859324783086777,
        0.01429735403507948,
        0.07396578043699265,
        0.11664767563343048,
        0.1836628019809723,
        0.04758128151297569,
        0.128817617893219,
        0.15299272537231445,
        0.18486492335796356,
        0.03472632169723511
      ],
      [
        0.134859099984169,
        0.0625484511256218,
        0.0880097970366478,
        0.0028948902618139982,
        0.14445146918296814,
        0.006510376930236816,
        0.07479069381952286,
        0.09934037178754807,
        0.1338038146495819,
        0.09366250038146973
      ]
    ],
    "agent_pos": [
      [
        6.0,
        2.0
      ]
    ],
    "goal_pos": [
      [
        4.0,
        4.0
      ]
    ],
    "landmark_pos": []
  },
  "runtime_context": {
    "simulator_3d": {
      "world_descriptor": {
        "seed": 123,
        "preview_size": 10,
        "tree_density": 0.25,
        "terrain_hilliness": 0.2,
        "task_params": {
          "seed": 123,
          "preview_size": 10,
          "tree_density": 0.25,
          "terrain_hilliness": 0.2,
          "max_steps": 8
        }
      }
    },
    "trail": {
      "agent_pos": [
        6,
        2
      ],
      "goal_pos": [
        4,
        4
      ]
    },
    "seed": 123
  },
  "validation_messages": [],
  "validation_passed": true,
  "validation_report": {
    "passed": true,
    "issues": []
  },
  "request": {
    "environment_kind": "simulator_3d",
    "task_kind": "trail",
    "seed": 123,
    "terrain_params": {
      "preview_size": 10
    },
    "forest_params": {
      "tree_density": 0.25,
      "terrain_hilliness": 0.2
    },
    "task_params": {
      "seed": 123,
      "preview_size": 10,
      "tree_density": 0.25,
      "terrain_hilliness": 0.2,
      "max_steps": 8
    },
    "visualization_options": {},
    "metadata": {}
  },
  "runtime_config": {
    "world_descriptor": {
      "seed": 123,
      "preview_size": 10,
      "tree_density": 0.25,
      "terrain_hilliness": 0.2,
      "task_params": {
        "seed": 123,
        "preview_size": 10,
        "tree_density": 0.25,
        "terrain_hilliness": 0.2,
        "max_steps": 8
      }
    }
  },
  "layers": [
    {
      "name": "terrain_preview",
      "layer_type": "terrain_preview",
      "file_uri": "/app/data/scenarios/generated/scenario_1/version_3_run_8/terrain_preview.npy",
      "file_format": "npy",
      "description": "Low-resolution 3D terrain preview"
    }
  ],
  "preview_uri": "/app/data/scenarios/generated/scenario_1/version_3_run_8/preview.json"
}