{
  "environment_kind": "simulator_3d",
  "task_kind": "patrol",
  "seed": 1447482776,
  "generator_name": "simulator_3d_family_generator",
  "generator_version": "v1",
  "effective_params": {
    "seed": 1447482776,
    "preview_size": 12,
    "tree_density": 0.25,
    "terrain_hilliness": 0.45,
    "task_params": {
      "learning_rate": 0.0003,
      "gamma": 0.99,
      "tau": 0.005,
      "grid_size": 12,
      "max_steps": 240,
      "obstacle_density": 0.12,
      "plantable_density": 0.7,
      "initial_seedlings": 30,
      "min_plant_distance": 1,
      "uniformity_radius": 1,
      "target_density": 0.35,
      "alpha_plant": 4,
      "alpha_quality": 2,
      "beta_move": 0.08,
      "beta_turn": 0.04,
      "beta_fail_move": 0.25,
      "beta_stay": 0.12,
      "beta_invalid_plant": 0.6,
      "lambda_uniformity": 3,
      "lambda_underplanting": 1.5,
      "goal_reward": 50,
      "collision_penalty": 0.3,
      "step_penalty": 0,
      "action_scale": 1,
      "max_speed": 50,
      "accel": 40,
      "damping": 0.6,
      "dt": 0.01,
      "terrain_penalty": 0.03,
      "algorithm": "ppo",
      "mode": "patrol"
    }
  },
  "preview_payload": {
    "terrain_map": [
      [
        0.3744666576385498,
        0.13258330523967743,
        0.03353501483798027,
        0.3774348795413971,
        0.08575324714183807,
        0.028174594044685364,
        0.08639740943908691,
        0.04357586428523064,
        0.04238622263073921,
        0.08570392429828644,
        0.35199832916259766,
        0.3244743347167969
      ],
      [
        0.4333440363407135,
        0.1848963052034378,
        0.38431429862976074,
        0.027836984023451805,
        0.2596566677093506,
        0.3232588469982147,
        0.22256186604499817,
        0.42602184414863586,
        0.2854407727718353,
        0.11447694897651672,
        0.1011817455291748,
        0.3598404824733734
      ],
      [
        0.11272133141756058,
        0.07275164872407913,
        0.3117574453353882,
        0.13359972834587097,
        0.3594140112400055,
        0.22667242586612701,
        0.40538379549980164,
        0.4271705448627472,
        0.012886994518339634,
        0.08210533857345581,
        0.03443087264895439,
        0.17291052639484406
      ],
      [
        0.19596581161022186,
        0.29538729786872864,
        0.2429809272289276,
        0.3965355455875397,
        0.04456023499369621,
        0.3204283118247986,
        0.250072717666626,
        0.1199321299791336,
        0.3329194188117981,
        0.13689666986465454,
        0.06255965679883957,
        0.24282971024513245
      ],
      [
        0.3184354603290558,
        0.37557876110076904,
        0.13013090193271637,
        0.33434996008872986,
        0.22263891994953156,
        0.3488682806491852,
        0.11220581084489822,
        0.10546901822090149,
        0.4176040589809418,
        0.07112105190753937,
        0.3434283137321472,
        0.4425087571144104
      ],
      [
        0.07388734817504883,
        0.22244535386562347,
        0.10819888859987259,
        0.23351989686489105,
        0.08348214626312256,
        0.055321335792541504,
        0.10083389282226562,
        0.1369142383337021,
        0.355212926864624,
        0.0749097540974617,
        0.10248167812824249,
        0.09831690788269043
      ],
      [
        0.11402223259210587,
        0.05933048948645592,
        0.053967222571372986,
        0.3549840748310089,
        0.29348084330558777,
        0.41343027353286743,
        0.3217794597148895,
        0.29891887307167053,
        0.26445794105529785,
        0.4381411671638489,
        0.4431130588054657,
        0.42069196701049805
      ],
      [
        0.04408693313598633,
        0.04368958994746208,
        0.04579278826713562,
        0.17888742685317993,
        0.08984144777059555,
        0.3527733385562897,
        0.21247662603855133,
        0.0915176123380661,
        0.4117094874382019,
        0.421023428440094,
        0.3330449163913727,
        0.36720192432403564
      ],
      [
        0.2990875840187073,
        0.41700199246406555,
        0.3089119791984558,
        0.19703544676303864,
        0.05786946415901184,
        0.11149921268224716,
        0.42720574140548706,
        0.02515818178653717,
        0.03281787410378456,
        0.40787649154663086,
        0.1777135133743286,
        0.006685351952910423
      ],
      [
        0.03939521312713623,
        0.049119479954242706,
        0.37584227323532104,
        0.33534225821495056,
        0.39325255155563354,
        0.2281300276517868,
        0.03198966011404991,
        0.1915787011384964,
        0.053151726722717285,
        0.18924260139465332,
        0.1521693915128708,
        0.36326467990875244
      ],
      [
        0.04075978696346283,
        0.26538291573524475,
        0.2788773477077484,
        0.16480205953121185,
        0.17088884115219116,
        0.07422760874032974,
        0.31595301628112793,
        0.3046087622642517,
        0.11751854419708252,
        0.015034880489110947,
        0.07852990180253983,
        0.2889420688152313
      ],
      [
        0.3879498541355133,
        0.13056379556655884,
        0.08434975892305374,
        0.16629108786582947,
        0.2816307544708252,
        0.4246426820755005,
        0.03201798349618912,
        0.16657862067222595,
        0.30941975116729736,
        0.05663098022341728,
        0.401118665933609,
        0.08524271845817566
      ]
    ],
    "agent_pos": [
      [
        3.0,
        7.0
      ]
    ],
    "goal_pos": [
      [
        5.0,
        7.0
      ]
    ],
    "landmark_pos": []
  },
  "runtime_context": {
    "simulator_3d": {
      "world_descriptor": {
        "seed": 1447482776,
        "preview_size": 12,
        "tree_density": 0.25,
        "terrain_hilliness": 0.45,
        "task_params": {
          "learning_rate": 0.0003,
          "gamma": 0.99,
          "tau": 0.005,
          "grid_size": 12,
          "max_steps": 240,
          "obstacle_density": 0.12,
          "plantable_density": 0.7,
          "initial_seedlings": 30,
          "min_plant_distance": 1,
          "uniformity_radius": 1,
          "target_density": 0.35,
          "alpha_plant": 4,
          "alpha_quality": 2,
          "beta_move": 0.08,
          "beta_turn": 0.04,
          "beta_fail_move": 0.25,
          "beta_stay": 0.12,
          "beta_invalid_plant": 0.6,
          "lambda_uniformity": 3,
          "lambda_underplanting": 1.5,
          "goal_reward": 50,
          "collision_penalty": 0.3,
          "step_penalty": 0,
          "action_scale": 1,
          "max_speed": 50,
          "accel": 40,
          "damping": 0.6,
          "dt": 0.01,
          "terrain_penalty": 0.03,
          "algorithm": "ppo",
          "mode": "patrol"
        },
        "intruder_positions": [
          [
            5,
            7
          ]
        ],
        "agent_start": [
          3,
          7
        ]
      }
    },
    "patrol": {
      "agent_pos": [
        3,
        7
      ],
      "intruder_positions": [
        [
          5,
          7
        ]
      ]
    },
    "request_intruder_types": [],
    "seed": 1447482776
  },
  "validation_messages": [],
  "validation_passed": true,
  "validation_report": {
    "passed": true,
    "issues": []
  },
  "request": {
    "environment_kind": "simulator_3d",
    "task_kind": "patrol",
    "seed": null,
    "terrain_params": {
      "preview_size": 12
    },
    "forest_params": {
      "tree_density": 0.25,
      "terrain_hilliness": 0.45
    },
    "task_params": {
      "learning_rate": 0.0003,
      "gamma": 0.99,
      "tau": 0.005,
      "grid_size": 12,
      "max_steps": 240,
      "obstacle_density": 0.12,
      "plantable_density": 0.7,
      "initial_seedlings": 30,
      "min_plant_distance": 1,
      "uniformity_radius": 1,
      "target_density": 0.35,
      "alpha_plant": 4,